Modelo,RMSE,MAE
Baseline,1.1238599168296066,0.9419550125
User-Based CF,0.9952575474827821,0.7899827369835506
Item-Based CF,0.9756889614645392,0.7648991662387137
